Size,Duration,Block_Size
2048,3.20089,16
2048,2.87075,32
2048,2.6617,48
2048,2.56005,64
2048,3.02632,80
2048,3.43166,128
2048,2.92845,256
