Size,Duration
64,1.46504e-05
128,9.95642e-05
256,0.00100653
512,0.013855
1024,0.161835
2048,1.47945
4096,11.8479
8192,127.086
