Size,Duration,NumThreads
500,0.124047,1
1000,0.599266,1
1500,1.7482,1
2000,4.2131,1
2500,8.33695,1
3000,14.6792,1
